Tobey,Samarth
Aeriell,Wollacott
Betta,Worsom
Dyanne,Paulot
Berna,Boichat
Elwin,Dillon
Yurik,Issakov
Ermentrude,Vince
Tildie,Touhig
Vinny,Marskell
Chaunce,Vigars
Cathrine,Durnian
Sean,Worrall
Mendie,Nolleau
Phillie,Vooght
Devin,Dillet
Sashenka,Bulward
Laryssa,Babin
Adoree,Inde
Nataniel,Blythin
Maybelle,Vye
Tammi,Narup
Dalenna,Tewkesberrie
Patsy,Guillard
Shalom,Cavil
Ashlee,Bouts
Ignazio,Scranney
Elroy,Auchinleck
Travers,Sworn
Annmarie,Cull
Justino,Russen
Paolina,Drohane
Athene,Bartak
Barbe,Jocic
Gwyneth,Shropsheir
Leroy,Kirk
Darla,Arnett
Rani,Crawshay
Rafe,Pargetter
Pearline,Whitington
Herb,Hartly
Cornelle,Dowker
Lucie,Fanthome
Lenna,Sidery
Wolf,Abriani
Ermengarde,Driscoll
Ladonna,Ropert
Indira,Dionisio
Rosaleen,Batthew
Shaine,Defau
Orlan,O'Connolly
Rowen,Hayselden
Ninon,Karolyi
Berkeley,Livezey
Welsh,Lamborn
Bendick,Blacket
Kincaid,Redish
Shelby,Pichan
Lotty,Ovey
Cirstoforo,Regglar
Chiquia,Jorry
Gill,Oldfield-Cherry
Virgie,Standing
Dedra,Baxstare
Audrie,Gonnely
Guido,Neaves
Otto,Mustoe
Dalila,Rosita
Stefa,Mariaud
Kerr,Tutchell
Constantine,Chivers
Kin,Capper
Currie,Casewell
Pegeen,Pierson
Deina,Ruste
Whitney,Viggers
Veriee,Farlow
Eamon,Miranda
Boote,Heinig
Ruth,Manclark
Ringo,Sirett
Janeta,Tarry
Harper,Bereford
Lane,Spenton
Pip,Attawell
Rich,Skittles
Candie,Cartmer
Pascale,Dunsmore
Vaughan,Buxton
Jennifer,Pesic
Winni,Lamberteschi
Andros,Amaya
Prissie,Malatalant
Clarke,Yeskin
Nani,Menichini
Nicola,Tuberfield
Arleyne,Yitzowitz
Giuditta,Gregoletti
Lyn,Cane
Tadio,Algore
Estrellita,Spratling
Martita,Jobling
Giraud,Cokely
Binni,Danne
Farr,Nazer
Katheryn,Trynor
Enrichetta,Tripon
Deanne,Stroban
Penn,Bilbee
Jammal,Hantusch
Brien,Bannester
Davy,Petracco
Berkie,Lefeuvre
Alistair,Kruger
Rodrique,Sawers
Idelle,Cristoforo
Concettina,Sergison
Willie,Hoyt
Christie,Cornwell
Mariel,Davidovici
Ertha,Maber
Raymond,Doni
Nance,Hawkswell
Tracy,Threadgill
Jocelyne,Faucett
Sabina,Westgarth
Charmain,Karlqvist
Karly,Whiffin
Debbi,Simone
Sande,Peel
Jobye,Yurkiewicz
Evangeline,Morland
Rawley,Ellicock
Fayth,Gabbitas
Dorella,Tanton
Tommi,Fairholm
Juliet,Cassella
Gifford,McCall
Sybila,Bogie
Yancey,Paolotto
Nannie,O'Lennane
Tamarra,Lundberg
Bevin,Kyd
Tony,Smalls
Jenifer,Ausiello
Ainslee,Peaseman
Carmen,Spurdens
Heinrick,Pretswell
Birgit,Westberg
Tawnya,Sommer
Aprilette,Kigelman
Rowney,Clawson
Andrei,Lammertz
Angeline,Gabbitas
Evelyn,Macari
Cindee,Tripcony
Pasquale,Graveston
Rosanna,Grane
Avrom,Serridge
Torey,Deal
Mellie,Rustan
Polly,Dalinder
Kimbell,Seemmonds
Waiter,Cumo
Timmie,Weymont
Marja,Ogles
Josselyn,Swatheridge
Lennie,Pawsey
Jimmie,Kelly
Margery,Gromley
Sissie,Walrond
Ashlan,Le Houx
Haily,M'Chirrie
Salomi,Guppie
Ignatius,Beckitt
Mohandas,Boyton
Pepillo,Quigg
Clementia,Blodget
Loria,Carnock
Garrek,Ramel
Masha,Bello
Davis,Pischoff
Hank,Squelch
Richardo,Brando
Loreen,Denisovo
Jordana,Monson
Maddi,Shanks
Griffith,Searight
Travers,Dishmon
Christie,McAlister
Ortensia,Levay
Darby,Keddie
Nye,Andrzejczak
Yancey,Beagley
Susanne,Longina
Tawsha,Beviss
Gavrielle,Forman
Tiertza,Mounsey
Morty,Penzer
Berkeley,Cluckie
Kenn,Druett
Codi,Swatman
Lilia,Rickardsson
Cesar,Dany
Dall,Hinze
Melania,Petty
Skip,Phython
Saloma,Bergstrand
Gweneth,Luthwood
Truman,Downe
Lotty,Spurrett
Ruth,Rolph
Baron,Simonini
Faythe,Phippen
Morly,Hollyman
Frayda,Trass
Celene,Botcherby
Prisca,Riccardelli
Loralee,Yaus
Clemence,McCleary
Birgit,Lusgdin
Maison,Asty
Vonnie,Driussi
Terrye,Calwell
Saidee,Lomasna
Kimberli,Mar
Nert,Bediss
Fanchette,Yves
Malinda,Dayer
Rozele,Clute
Claresta,Turvie
Eleen,Abdie
Federico,de Chastelain
Adi,Marcq
Tilly,Alexandrescu
Essa,Cheales
Flinn,Lillicrop
Ardelle,Mateev
Casper,Longbothom
Kathleen,MacDonnell
Jobina,Huke
Nita,Greaves
Grace,Clarridge
Page,Sargeant
Gabrielle,Riggert
Dianne,Betton
Glenda,Leynham
Maryann,Castilla
Francene,Fritschel
Andros,Bragger
Ham,Kingcott
Thibaut,Lyddiard
Bartel,Pidgeley
Fawn,Wiffen
Risa,Le Marquand
Benjie,Cissen
Jan,Peltz
Brigida,Goncaves
Trudy,Dodge
Belle,Crummy
Dorisa,Rivett
Lockwood,Hechlin
Lita,Rides
Alexei,Weyman
Ike,Ayllett
Ivar,Mewton
Tiffany,Spitell
Georgy,Giveen
Stormi,Caghy
Layton,Trulocke
Cathlene,Paulat
Vilhelmina,Kilmister
Ebenezer,Eastridge
Loralie,Pancost
Northrup,Fawks
Elijah,Greenhow
Mason,Mc Cahey
Cleo,Dommerque
Elyssa,Lucchi
Letizia,Edgar
Cassie,Rowlatt
Mill,Winscum
Margery,Nilges
Uriah,Pydcock
Harriett,Brunning
Mignonne,Spawell
Ulises,Naire
Billi,Phinnis
Mellicent,Truscott
Aime,Conrad
Cheri,Balk
Allison,Leathers
George,Pardoe
Clio,Galiford
Everard,Asch
Wendye,Beddis
Kirsten,O'Coskerry
Alexandr,Kilbane
Alano,Capey
Caressa,Fusedale
Ragnar,Gilman
Giordano,MacGeffen
Mireielle,Aguilar
Iona,Akeherst
Nefen,Putnam
Hieronymus,Cartwight
Karmen,Edbrooke
Jerrilee,Parcall
Olin,Weiser
Lou,Kenwell
Barry,Reneke
Karrah,Biagioni
Elaine,Joint
Errol,Bedboro
Rosalia,O' Cloney
Manon,Osgardby
Theodore,McGurn
Devi,Shapiro
Kaye,McMurthy
Westleigh,Worsell
Nonnah,Peniman
Luciana,McKernan
Hewitt,Broxis
Dorrie,Donkersley
Boony,Bessell
Jaye,Basillon
Cynthie,Millward
Purcell,Ranklin
Nerita,Boutton
Martyn,Louis
Wileen,Louis
Arabela,Faltskog
Talbot,Klimashevich
Vicky,Butterfill
Lazarus,Splevins
Gerladina,Parncutt
Linea,Squirrel
Erminie,Fortesquieu
Paul,Garnson
Emilio,Lexa
Kordula,Vost
Ruddie,Baldetti
Rey,O'Halleghane
Allen,Nisbith
Worthy,Weymouth
Willette,Kersley
Gert,Padbury
Farly,Landa
Jonathon,Paike
Mirabelle,Kingshott
Junina,Jowle
Marjorie,Bromilow
Claudio,Stedell
Bourke,Ilieve
Melinde,Robbey
Lynette,Hayes
Hilario,Gravenall
Cobb,Donizeau
Lenka,Epilet
Carlee,Creegan
Radcliffe,McAuliffe
Lizette,Caskie
Libbi,Marquand
Morley,Glidden
Leon,Durrans
Brandie,Rydzynski
Alisander,Todman
Selene,Barwack
Warde,Digby
Sergeant,Vasilevich
Reidar,Wheeler
Ulises,Lyptrit
Karina,Terris
Darelle,Kalker
Becky,Cliffe
Vinny,Hinrich
Morris,Leupoldt
Meg,Gresswood
Jessamyn,Nellis
Eli,Manterfield
Vivie,Radborn
Trstram,Mackerness
Simone,Eversley
Kerrill,Heal
Meir,Scutchin
Burlie,Elsie
Garnette,Newlove
Willem,Fennessy
Hube,Carah
Tamarra,Grzegorecki
Bliss,Mattheis
Brooks,Goggins
Odille,Alvares
Albert,Hulk
Darlleen,Skurray
Katerine,Downs
Dasya,Gingles
Melinda,Lynds
Joanie,Tiffney
Nial,Sperski
Mac,Bradford
Caren,Kubek
Dugald,Stollberger
Lind,Giacomazzo
Gregor,Ells
Morissa,Speachley
Petrina,Woosnam
Octavia,Southerns
Andrus,Gravie
Else,Chopping
Elena,Yitzowitz
Brinn,Northley
Roderick,Bendley
Fair,Maingot
Naoma,Ruddoch
Ricard,Davidescu
Blythe,Parades
Alexandra,Onge
Regina,Lemerle
Curcio,Dikelin
Margarita,Lunbech
Merna,Ledamun
Dominga,Duiged
Riobard,Rayworth
Arny,Lerway
Cullan,Plumridege
Zonnya,Cowton
Fayette,Cornuau
Randy,Lissandrini
Iormina,Bratt
Giavani,Clarke-Williams
Kristoffer,Snashall
Kathye,Pimbley
Miguela,Cokayne
Ginelle,Emlyn
Rolland,Kingzeth
Cass,Greed
Stearne,Lind
Mattie,Corp
Esmaria,Marchington
Murdock,Titlow
Birgit,Thoresby
Chrissie,Boxhill
Maurizia,Samsworth
Zenia,Edis
Trev,Benois
Larisa,Coultas
Hilliard,Scintsbury
Dorotea,Currer
Pamelina,Sollon
Diena,Kalisch
Genna,Quantick
Violante,Alphege
Tye,Bedburrow
Ross,Segrave
Morty,Greg
Theodoric,Geibel
Garek,Berkery
Augusta,Bensley
Free,Binham
Fiorenze,Patron
Duff,Anespie
Caril,Ingleton
Breena,Cowden
Marji,Wakeling
Yettie,Brundill
Yard,Dugall
Fara,Pickford
Jordan,Fairbourne
Jania,Cayet
Berry,Balsdone
Ansell,Shipsey
Carlynne,Goodridge
Caralie,Rix
Jacintha,Hankinson
Dollie,Fealy
Anett,Midden
Meggie,Taye
Lissie,Bounds
Consuela,Powter
Winnah,Hulk
Wyn,Codi
Livy,Cinnamond
Dun,Lavigne
Rosamund,Mannakee
Horten,Josey
Jacinta,De Gogay
Orlando,Andres
Loralee,Sivil
Kelila,Ivchenko
Milly,Sebastian
Kathe,Leavey
Gib,Moreno
Hynda,Gravestone
Gerick,Pavkovic
Ximenez,Garrattley
Bertie,Hanny
Alfons,McChruiter
Hamilton,Crankhorn
Katherina,Dunnaway
Maris,Defraine
Renell,Paulsson
Arron,Grzegorzewicz
Trent,Offell
Avrom,Doag
Lishe,Alexsandrev
Ealasaid,Syrett
Berton,Weekley
Lucky,Schinetti
Elvira,Southam
Devina,Pellew
Ulrika,Klamp
Elwood,Bodsworth
Khalil,Hambright
Thelma,Kinchlea
Yul,Konrad
Farr,Comberbach
Augustina,Swynley
Angeli,Cockson
Roseanne,Yakuntsov
Cherish,Galle
Drusilla,Fearney
Wandie,Deniscke
Kristi,Harnott
Papagena,Loughnan
Guinna,Newbury
Tome,Maypowder
Tirrell,Rodnight
Sile,Gowan
Madlen,Andreasson
Jaquith,Kindle
Shalne,Edyson
Richardo,Grigg
Marijo,Lantuff
Anthia,Lamblin
Broderick,Girardin
Jay,Willcocks
Tina,Gulleford
Dyanna,McGonnell
Ileane,Petkens
Berkeley,Prendeville
Alanah,Lysaght
Esmaria,Henlon
Bud,Loomis
Decca,Spatig
Barnabas,Nyssens
Kassie,Lashbrook
Farra,Fearne
Dulcy,Stellino
Nollie,Tressler
Magdaia,Hawkswell
Darya,Meegan
Imogen,Titmarsh
Brice,MacAlinden
Marline,Stogill
Bancroft,Impy
Atlanta,Janaud
Dorelle,Andrioli
Bonny,Dring
Mitchael,Braemer
Cirillo,Rumsey
Noby,Grotty
Imojean,Cherry
Yevette,Wiltshaw
Ado,Lindenbluth
Rolland,Haseldine
Paxon,Broadbent
Corrinne,Zettler
Nellie,Twopenny
Mortie,Peddersen
Hanny,Crank
Shaughn,Rushbrooke
Nicki,O'Duilleain
Gonzalo,Pawlick
Des,Allsep
Meryl,Ferrolli
Natalya,Spillane
Reinaldos,Stuehmeyer
Cleopatra,Eixenberger
Sheffie,Fackrell
Trude,Dwyer
Rosanna,Tuffey
Troy,Pinshon
Dari,Bragg
Jena,Kopman
Drusy,Batten
Arlena,Ribeiro
Gavan,Baroch
Boone,Buxsey
Inesita,Keme
Jens,Sueter
Sally,Purser
Skye,Saffin
Perceval,Ridgedell
Reidar,Matissoff
Leonid,Cregg
Tomlin,Coplestone
Clevie,Gloucester
Cyndi,Wyper
Mariejeanne,Tonepohl
Margi,Tootin
Corey,Hibbart
Alic,Diano
Ramsey,Aldin
Birk,Domino
Ailey,Cinelli
Henryetta,Slaght
Eben,Stavers
Almire,Heinschke
Markos,Venny
Filmer,Milby
Jacob,Gowrich
Celine,Forsbey
Oliver,Skeleton
Felicdad,Diggens
Leland,Tatham
Alessandra,Zmitruk
Fabe,Spolton
Elvira,Varga
Pris,Scollan
Juli,Petigrew
Gloriana,MacVay
Valentia,Gronowe
Clary,Whitters
Valene,Denizet
Livy,Giggs
Brody,Goodoune
Henderson,Surfleet
Gorden,Horwell
Aindrea,Lainton
Benoit,Pagitt
Quent,Clapson
Isa,Allwell
Leshia,Olivier
Rozele,Janku
Jeannine,Clemon
Joellyn,Limpertz
Fields,Upwood
Cori,Cotterell
Ellis,Prophet
Willy,Ratchford
Uriah,Coggell
Lynnett,Aucourte
Aloysius,Corriea
Melodee,Iiannone
Donn,Rosendahl
Hiram,Urvoy
Micky,Kivits
Salvidor,Bailles
Ginny,Tolan
Jenilee,Jellico
Kory,Casley
Rutherford,Bondar
Shantee,Caulder
Boot,Rankin
Bria,Marti
Costa,Lowrance
Dorelia,Stooders
Ellswerth,Burry
Eddi,Banton
Liliane,Hebblewhite
Thurston,Sweett
Larisa,Bramah
Georgie,Cicculini
Morse,Drayton
Alexina,Langdridge
Earl,Heymann
Goldy,Corona
Fredrika,Mayhow
Lauryn,Rhyme
Leandra,Habbershon
Florie,Chillistone
Benedetto,Uccello
Regen,Van Vuuren
Roda,Davidovic
Lyndy,Costan
Garwin,Orable
Temple,Renzini
Cobb,Eatttok
Tony,Queyeiro
Barbra,Konig
Murry,Nayshe
Gertrudis,Hamly
Luciana,Mapp
Prentiss,Cherrett
Buckie,Crone
Ailene,Ryal
Aubrie,Kewish
Jere,McCafferky
Lindsey,Petrosian
Evvie,Crisell
Stesha,Rumney
Benyamin,Yitzovitz
Kelby,Feek
Selig,Tabrett
Helli,Lowndesbrough
Luis,Biesty
John,London
Atlante,Cantrill
Cassandre,Rasher
Ruthi,Pinnington
Kristoffer,Beisley
Bendite,Lambis
Brynne,Pail
Maritsa,Bewick
Carin,Ferreira
Mozelle,Florentine
Myrlene,Auchterlony
Cullie,Dodd
Klarika,Bonifacio
Garfield,Croney
Shannon,Pickett
Antonina,Goodin
Delmore,Caplan
Sayer,Gryglewski
Annalise,Jouanny
Ralf,Upsale
Lorianna,Capron
Nanci,Driver
Towney,McNevin
Juanita,Matveichev
Dido,Brenton
Astrid,Meddick
Somerset,Scraggs
Onofredo,Welbelove
Retha,MacTrustey
Bernice,Boays
Melany,Chilcotte
Pepe,Prester
Alessandro,Gresty
Braden,Larvin
Torrance,Guitonneau
Kakalina,Potten
Gage,Helwig
Hodge,Newgrosh
Kata,Wynes
Baryram,Lorrain
Larry,Wickey
Kizzie,Seres
Mellisent,Goodfellowe
Simonette,Henner
Jania,Bizzey
Kimberlyn,Rosenhaupt
Halli,Rubinovici
Roman,Royl
Theodore,Overington
Traci,Van Cassel
Alisander,Bestwerthick
Marketa,Tellenbroker
Truman,Duferie
Clifford,Carmont
Ursala,Sterricks
Wilhelmine,Gibbieson
Nappie,Boynton
Beckie,Liggons
Gerti,Strachan
Jonathan,Millins
Zebadiah,Teacy
Kirsten,Aseef
Lina,Codeman
Thayne,Aspital
Even,Isakovic
Addie,Kunkel
Kent,Robers
Gwenni,Gravell
Micaela,Trousdale
Bibbie,Lilion
Lucian,Stallard
Brana,Bearblock
Law,Poston
Delly,Rookeby
Pavia,Cullity
Frayda,Marsy
Susannah,Gelderd
Dolorita,Innett
Archer,Robb
Findlay,Donavan
Elle,Stonehewer
Shirlee,Pawlyn
Bryn,Annetts
Doralynn,Tilt
Nikki,Dwire
Rakel,Rook
Arluene,Dutteridge
Binny,Loffhead
Grenville,Beadle
Yvon,Cuningham
Olva,Clapperton
Kimble,Kayne
Debora,Dearnaley
Inglis,Alvares
Conrad,Diloway
Aileen,MacKeller
Dulcy,Schlag
Caty,De Witt
Dore,Lenaghen
Calhoun,Bernadon
Cara,Yukhtin
Jessica,Aucutt
Catherin,Gussin
Arabel,Aizkovitch
Gipsy,Walne
Kelsy,Foster-Smith
Thatcher,Tennewell
Anjela,Winscom
Arliene,Guinnane
Lesly,Dalbey
Roderick,Assard
Kristian,O'Kieran
Prudy,Rannells
Jobina,MacGruer
Janie,Norley
Agnola,Gocher
Verine,Watts
Shannen,Missington
Debee,Alwell
Reube,Wahner
Darill,Lightwing
Bathsheba,Tolan
Alfons,Cristofolini
Arabella,Tallquist
Muhammad,Milesop
Sibbie,Baddoe
Evered,Rosenwasser
Haven,Grenkov
Noland,Hamlin
Hebert,Bonett
Arel,Cassy
Demetris,Pellett
Corrie,Lacroix
Mariellen,Churn
Michal,Harce
Obadiah,Curry
Frants,Cunradi
Pooh,Attow
Augy,Pamphilon
Sean,Flemming
Patsy,Jarrett
Revkah,Goodluck
Burnaby,Rosenfelt
Chrissie,Brook
Ephrem,Simoens
Deck,Fiander
Kimberley,Barneveld
Lou,Arons
Xever,Arkin
Fonsie,Raun
Tonnie,Burdge
Derry,Timcke
Sauveur,Boddy
Merrili,Jumont
Dallon,Gascone
Hilde,Dunkerly
Drucill,Dollimore
Ewell,Falla
Rea,Foulgham
Margarita,Poolton
Lisabeth,Lande
Sholom,Bortolini
Augusto,Millimoe
Homer,Copelli
Octavia,Petren
Alica,Bernath
Tedie,Brumble
Vevay,Fishe
Cindee,Lackner
Joshuah,Jakubowicz
Garland,Hanhart
Olympie,Bardey
Cordelia,Iorizzo
Manon,Stibbs
Katharine,Bracknall
Ian,Weaben
Rockwell,Gantzman
Karilynn,Bees
Meg,Douthwaite
Linoel,Gettens
Robyn,Andrichuk
Eadith,Moors
Madelena,Kilmary
Moore,Bettlestone
Bobby,Axel
Jennee,Jemison
Gerome,Whicher
Carlita,McSpirron
Benoite,de Verson
Candra,Brogden
Idell,Songer
Yoko,Jekel
Elinore,Libbey
Dominik,Hayton
Goraud,Bannell
Waylon,Feaks
Arlette,Pidcock
Cameron,Lindl
Kass,Chaimson
Sharl,Futcher
Griffin,Barszczewski
Rikki,Dewhurst
Layne,Fletcher
Charmain,Wernham
Malorie,Gouldstone
Caresse,Corryer
Gloriana,Feechan
Kittie,Merton
Anders,Benko
Rutger,Corkill
Stephen,Stemp
Thorpe,Cowle
Desmond,Halgarth
Natalya,Lessmare
Cori,Brafield
Ursala,Windram
Sal,Yearn
Lemmy,Belt
Marta,Clapston
Janet,Wooler
Aluin,Kembry
Towny,Matzen
Henrie,Houndson
Tabatha,Breslau
Moina,Rogerot
Ros,Goudie
Kristyn,Godley
Marrilee,Trowel
Trista,Teale
Garfield,De la Feld
Rosella,Steketee
Buiron,Taffrey
Dory,Lindsell
Parnell,Larmuth
Lynett,Drysdell
Carolyne,McKane
Tulley,Chinge de Hals
Chet,Greenham
Shandy,Mosdill
Maximo,Bartoshevich
Gavan,Garraway
Alika,Wooder
Chiquia,Connikie
Madel,Parbrook
Ingra,Faircloth
Desdemona,Peegrem
Nisse,Rosell
Yvon,Honnicott
Sibyl,McCafferky
Ahmed,McLagain
Turner,Snap
Therese,Hubert
Shannon,Gostall
Norry,Krienke
Tove,Cropton
Livy,Bielby
Arnoldo,Deppe
Dredi,Braithwaite
Mayer,Kill
Milzie,Sepey
Annamaria,Hansman
Jolene,Frigot
Duke,Bleakman
Hinda,Cuckoo
Cassey,Harnetty
Shirlene,Kingsmill
Olivier,Dymott
Johnny,Averall
Christine,Janic
Cathlene,Shorie
Marni,Stowers
Faber,Alleyn
Sansone,Kearle
Anne,Hellicar
Dudley,Wrey
Agustin,Todarello
Jamill,Fellman
Jephthah,Skyppe
Mathian,Ovell
Tobey,Gale
Derk,McCleary
Domingo,Vasyukhin
Cecile,Maplethorp
Cesaro,Vlasin
Nelli,Piercey
Brena,Pevreal
Tobye,Daldan
Dalston,Corkhill
Jeanine,Storks
Jerrie,Kirtland
Ollie,Peizer
Marillin,Mereweather
Elwin,Sapsed
Renato,Sappell
Ilka,Hebburn
Shannon,Setterington
Norine,Smaling
Carlos,Alesio
Guido,Kittle
Minette,Saxton
Zebulon,Larchier
Almeda,Littlefair
Alecia,Westgarth
